ImageId,ClassId,EncodedPixels
inline_1083.png,0,1 1
inline_1313.png,0,1 1
inline_3525.png,0,1 1
inline_2247.png,0,1 1
inline_3148.png,0,1 1
xline_1061.png,0,1 1
inline_1142.png,0,1 1
xline_1124.png,0,1 1
inline_1659.png,0,1 1
inline_2455.png,0,1 1
xline_1001.png,0,1 1
inline_3494.png,0,1 1
xline_2331.png,0,1 1
inline_1537.png,0,1 1
xline_988.png,0,1 1
xline_1517.png,0,1 1
inline_1477.png,0,1 1
inline_866.png,0,1 1
xline_842.png,0,1 1
inline_2972.png,0,1 1
inline_1126.png,0,1 1
inline_1187.png,0,1 1
xline_1811.png,0,1 1
inline_1169.png,0,1 1
inline_1956.png,0,1 1
xline_1507.png,0,1 1
xline_1189.png,0,1 1
inline_3448.png,0,1 1
xline_1478.png,0,1 1
xline_1096.png,0,1 1
inline_2123.png,0,1 1
inline_2179.png,0,1 1
xline_2086.png,0,1 1
xline_741.png,0,1 1
inline_3569.png,0,1 1
inline_1515.png,0,1 1
xline_1531.png,0,1 1
xline_980.png,0,1 1
xline_2080.png,0,1 1
xline_1407.png,0,1 1
inline_1940.png,0,1 1
xline_1495.png,0,1 1
xline_1465.png,0,1 1
xline_1934.png,0,1 1
inline_1489.png,0,1 1
inline_2673.png,0,1 1
xline_591.png,0,1 1
inline_2836.png,0,1 1
inline_2286.png,0,1 1
xline_1633.png,0,1 1
inline_3332.png,0,1 1
inline_2958.png,0,1 1
inline_900.png,0,1 1
inline_2077.png,0,1 1
inline_1338.png,0,1 1
inline_1946.png,0,1 1
inline_1033.png,0,1 1
inline_3136.png,0,1 1
inline_2196.png,0,1 1
inline_2979.png,0,1 1
inline_3613.png,0,1 1
xline_2029.png,0,1 1
xline_568.png,0,1 1
xline_1490.png,0,1 1
inline_3570.png,0,1 1
inline_2322.png,0,1 1
inline_1738.png,0,1 1
xline_939.png,0,1 1
inline_3650.png,0,1 1
xline_984.png,0,1 1
xline_1006.png,0,1 1
inline_3106.png,0,1 1
inline_3611.png,0,1 1
inline_2547.png,0,1 1
inline_1637.png,0,1 1
xline_1626.png,0,1 1
xline_2095.png,0,1 1
inline_1788.png,0,1 1
xline_1602.png,0,1 1
inline_2997.png,0,1 1
xline_1944.png,0,1 1
inline_1051.png,0,1 1
xline_2121.png,0,1 1
xline_1702.png,0,1 1
inline_2837.png,0,1 1
xline_1866.png,0,1 1
inline_1242.png,0,1 1
inline_2970.png,0,1 1
xline_2287.png,0,1 1
inline_2675.png,0,1 1
inline_2092.png,0,1 1
xline_590.png,0,1 1
inline_1355.png,0,1 1
inline_2573.png,0,1 1
xline_1768.png,0,1 1
inline_1100.png,0,1 1
xline_1337.png,0,1 1
inline_2961.png,0,1 1
inline_1895.png,0,1 1
xline_1995.png,0,1 1
inline_878.png,0,1 1
xline_1940.png,0,1 1
inline_2160.png,0,1 1
xline_600.png,0,1 1
inline_1622.png,0,1 1
inline_2534.png,0,1 1
xline_889.png,0,1 1
inline_2694.png,0,1 1
inline_1926.png,0,1 1
xline_1260.png,0,1 1
inline_1178.png,0,1 1
inline_3063.png,0,1 1
xline_2214.png,0,1 1
inline_2988.png,0,1 1
xline_835.png,0,1 1
inline_3027.png,0,1 1
inline_2831.png,0,1 1
xline_715.png,0,1 1
inline_1229.png,0,1 1
xline_1526.png,0,1 1
xline_1345.png,0,1 1
xline_1177.png,0,1 1
inline_3078.png,0,1 1
xline_854.png,0,1 1
xline_516.png,0,1 1
inline_2562.png,0,1 1
inline_3513.png,0,1 1
inline_2830.png,0,1 1
inline_2698.png,0,1 1
inline_2689.png,0,1 1
inline_2663.png,0,1 1
xline_1052.png,0,1 1
inline_3452.png,0,1 1
inline_1181.png,0,1 1
xline_788.png,0,1 1
xline_2259.png,0,1 1
xline_646.png,0,1 1
xline_1284.png,0,1 1
inline_3631.png,0,1 1
inline_3642.png,0,1 1
inline_1911.png,0,1 1
inline_3216.png,0,1 1
inline_1965.png,0,1 1
inline_1424.png,0,1 1
inline_2014.png,0,1 1
inline_2273.png,0,1 1
inline_2276.png,0,1 1
inline_2712.png,0,1 1
xline_1698.png,0,1 1
xline_2230.png,0,1 1
xline_596.png,0,1 1
xline_2372.png,0,1 1
inline_2761.png,0,1 1
inline_2306.png,0,1 1
inline_1041.png,0,1 1
inline_3488.png,0,1 1
inline_2727.png,0,1 1
xline_747.png,0,1 1
xline_2296.png,0,1 1
inline_1425.png,0,1 1
inline_880.png,0,1 1
xline_1022.png,0,1 1
inline_2683.png,0,1 1
inline_1598.png,0,1 1
inline_1412.png,0,1 1
inline_2471.png,0,1 1
inline_3085.png,0,1 1
inline_1979.png,0,1 1
inline_3203.png,0,1 1
inline_2580.png,0,1 1
xline_1283.png,0,1 1
xline_1114.png,0,1 1
inline_1671.png,0,1 1
xline_1825.png,0,1 1
inline_1233.png,0,1 1
inline_3200.png,0,1 1
inline_909.png,0,1 1
inline_3467.png,0,1 1
xline_1321.png,0,1 1
inline_2242.png,0,1 1
xline_2063.png,0,1 1
xline_1852.png,0,1 1
xline_1612.png,0,1 1
xline_564.png,0,1 1
xline_1292.png,0,1 1
inline_2801.png,0,1 1
xline_2033.png,0,1 1
xline_708.png,0,1 1
inline_1351.png,0,1 1
inline_2466.png,0,1 1
inline_2785.png,0,1 1
inline_1615.png,0,1 1
inline_1295.png,0,1 1
xline_1545.png,0,1 1
inline_2687.png,0,1 1
xline_1396.png,0,1 1
inline_1967.png,0,1 1
xline_2284.png,0,1 1
xline_2258.png,0,1 1
inline_2753.png,0,1 1
xline_1037.png,0,1 1
xline_1498.png,0,1 1
xline_1804.png,0,1 1
inline_1198.png,0,1 1
inline_2588.png,0,1 1
inline_925.png,0,1 1
inline_1655.png,0,1 1
inline_1408.png,0,1 1
inline_1433.png,0,1 1
inline_2434.png,0,1 1
inline_1378.png,0,1 1
inline_1161.png,0,1 1
xline_584.png,0,1 1
inline_2832.png,0,1 1
inline_3286.png,0,1 1
inline_1912.png,0,1 1
inline_2636.png,0,1 1
inline_1887.png,0,1 1
inline_2198.png,0,1 1
xline_1989.png,0,1 1
inline_1613.png,0,1 1
xline_1148.png,0,1 1
xline_820.png,0,1 1
xline_992.png,0,1 1
xline_1299.png,0,1 1
xline_1449.png,0,1 1
xline_1843.png,0,1 1
inline_2971.png,0,1 1
xline_2249.png,0,1 1
inline_2359.png,0,1 1
inline_1543.png,0,1 1
inline_1499.png,0,1 1
xline_1343.png,0,1 1
xline_1009.png,0,1 1
inline_2926.png,0,1 1
inline_2483.png,0,1 1
xline_1471.png,0,1 1
xline_2285.png,0,1 1
xline_1806.png,0,1 1
inline_1384.png,0,1 1
inline_3499.png,0,1 1
inline_936.png,0,1 1
xline_1851.png,0,1 1
inline_2943.png,0,1 1
inline_2838.png,0,1 1
inline_3386.png,0,1 1
inline_1106.png,0,1 1
xline_1126.png,0,1 1
inline_2658.png,0,1 1
inline_2055.png,0,1 1
xline_1293.png,0,1 1
xline_814.png,0,1 1
inline_1034.png,0,1 1
inline_1555.png,0,1 1
xline_843.png,0,1 1
xline_2327.png,0,1 1
xline_2216.png,0,1 1
xline_627.png,0,1 1
inline_2042.png,0,1 1
xline_1033.png,0,1 1
inline_943.png,0,1 1
xline_2052.png,0,1 1
inline_2231.png,0,1 1
inline_2964.png,0,1 1
xline_623.png,0,1 1
inline_1029.png,0,1 1
inline_2804.png,0,1 1
xline_2160.png,0,1 1
inline_1455.png,0,1 1
inline_2210.png,0,1 1
xline_2020.png,0,1 1
xline_2014.png,0,1 1
inline_2764.png,0,1 1
inline_1999.png,0,1 1
xline_749.png,0,1 1
inline_2109.png,0,1 1
xline_681.png,0,1 1
inline_2523.png,0,1 1
xline_1918.png,0,1 1
inline_1995.png,0,1 1
xline_2067.png,0,1 1
inline_2208.png,0,1 1
inline_2350.png,0,1 1
inline_1385.png,0,1 1
inline_1165.png,0,1 1
inline_2978.png,0,1 1
xline_1502.png,0,1 1
inline_1167.png,0,1 1
xline_1681.png,0,1 1
inline_1863.png,0,1 1
xline_685.png,0,1 1
xline_792.png,0,1 1
xline_914.png,0,1 1
inline_2201.png,0,1 1
xline_1668.png,0,1 1
inline_1725.png,0,1 1
xline_1933.png,0,1 1
inline_1031.png,0,1 1
inline_3070.png,0,1 1
inline_2701.png,0,1 1
xline_2335.png,0,1 1
xline_1201.png,0,1 1
inline_2916.png,0,1 1
inline_2209.png,0,1 1
inline_1294.png,0,1 1
inline_2005.png,0,1 1
xline_1603.png,0,1 1
xline_562.png,0,1 1
inline_1673.png,0,1 1
xline_2145.png,0,1 1
xline_648.png,0,1 1
inline_2782.png,0,1 1
inline_3565.png,0,1 1
inline_3659.png,0,1 1
inline_3014.png,0,1 1
inline_1907.png,0,1 1
inline_3486.png,0,1 1
xline_1234.png,0,1 1
inline_2894.png,0,1 1
inline_2044.png,0,1 1
inline_3205.png,0,1 1
inline_3275.png,0,1 1
inline_1879.png,0,1 1
xline_1457.png,0,1 1
inline_3094.png,0,1 1
xline_775.png,0,1 1
xline_1566.png,0,1 1
inline_3511.png,0,1 1
inline_2095.png,0,1 1
inline_3337.png,0,1 1
xline_1398.png,0,1 1
xline_1452.png,0,1 1
xline_879.png,0,1 1
inline_1003.png,0,1 1
inline_1043.png,0,1 1
inline_2509.png,0,1 1
inline_3423.png,0,1 1
xline_932.png,0,1 1
inline_3230.png,0,1 1
inline_2525.png,0,1 1
inline_2780.png,0,1 1
xline_1573.png,0,1 1
inline_1712.png,0,1 1
inline_3239.png,0,1 1
xline_946.png,0,1 1
inline_1430.png,0,1 1
inline_2729.png,0,1 1
inline_3378.png,0,1 1
inline_2375.png,0,1 1
inline_3146.png,0,1 1
inline_1834.png,0,1 1
inline_2193.png,0,1 1
inline_1150.png,0,1 1
xline_1368.png,0,1 1
xline_1317.png,0,1 1
inline_3592.png,0,1 1
inline_3301.png,0,1 1
inline_3018.png,0,1 1
inline_2349.png,0,1 1
inline_3048.png,0,1 1
xline_547.png,0,1 1
inline_1293.png,0,1 1
inline_2710.png,0,1 1
inline_928.png,0,1 1
xline_2291.png,0,1 1
inline_1776.png,0,1 1
xline_1055.png,0,1 1
xline_2398.png,0,1 1
inline_3424.png,0,1 1
inline_1536.png,0,1 1
xline_1184.png,0,1 1
xline_2256.png,0,1 1
inline_3092.png,0,1 1
inline_1074.png,0,1 1
inline_1804.png,0,1 1
inline_1722.png,0,1 1
inline_1626.png,0,1 1
inline_1474.png,0,1 1
inline_3359.png,0,1 1
xline_1706.png,0,1 1
xline_2180.png,0,1 1
xline_628.png,0,1 1
inline_1492.png,0,1 1
xline_1233.png,0,1 1
xline_1159.png,0,1 1
inline_2409.png,0,1 1
inline_1897.png,0,1 1
xline_1672.png,0,1 1
xline_963.png,0,1 1
inline_3015.png,0,1 1
inline_1302.png,0,1 1
xline_750.png,0,1 1
xline_965.png,0,1 1
inline_2224.png,0,1 1
inline_2028.png,0,1 1
inline_1191.png,0,1 1
inline_2902.png,0,1 1
inline_2985.png,0,1 1
xline_509.png,0,1 1
xline_2283.png,0,1 1
inline_3090.png,0,1 1
inline_1465.png,0,1 1
inline_1713.png,0,1 1
xline_936.png,0,1 1
inline_1092.png,0,1 1
inline_2063.png,0,1 1
inline_1908.png,0,1 1
inline_1947.png,0,1 1
xline_1509.png,0,1 1
inline_1623.png,0,1 1
xline_947.png,0,1 1
inline_2076.png,0,1 1
inline_1054.png,0,1 1
inline_2021.png,0,1 1
inline_1934.png,0,1 1
xline_755.png,0,1 1
xline_1723.png,0,1 1
inline_3626.png,0,1 1
inline_1476.png,0,1 1
inline_2399.png,0,1 1
xline_1115.png,0,1 1
xline_1336.png,0,1 1
inline_3582.png,0,1 1
inline_2174.png,0,1 1
inline_1624.png,0,1 1
inline_3006.png,0,1 1
inline_987.png,0,1 1
inline_3034.png,0,1 1
inline_1005.png,0,1 1
xline_1751.png,0,1 1
inline_2572.png,0,1 1
inline_2288.png,0,1 1
inline_2494.png,0,1 1
inline_3475.png,0,1 1
inline_2152.png,0,1 1
inline_1719.png,0,1 1
xline_2298.png,0,1 1
xline_944.png,0,1 1
inline_2372.png,0,1 1
xline_2278.png,0,1 1
xline_1379.png,0,1 1
inline_1817.png,0,1 1
inline_1550.png,0,1 1
inline_1606.png,0,1 1
inline_3266.png,0,1 1
inline_3428.png,0,1 1
inline_2033.png,0,1 1
inline_3366.png,0,1 1
inline_3150.png,0,1 1
inline_2822.png,0,1 1
inline_2144.png,0,1 1
xline_1680.png,0,1 1
inline_1170.png,0,1 1
inline_2049.png,0,1 1
inline_1701.png,0,1 1
xline_1704.png,0,1 1
inline_2714.png,0,1 1
inline_3492.png,0,1 1
inline_3201.png,0,1 1
inline_2901.png,0,1 1
xline_1127.png,0,1 1
inline_2011.png,0,1 1
xline_1087.png,0,1 1
xline_1684.png,0,1 1
inline_1618.png,0,1 1
inline_2656.png,0,1 1
inline_1047.png,0,1 1
inline_3630.png,0,1 1
inline_1762.png,0,1 1
inline_2205.png,0,1 1
inline_1453.png,0,1 1
xline_1854.png,0,1 1
xline_1378.png,0,1 1
inline_2786.png,0,1 1
xline_1487.png,0,1 1
xline_781.png,0,1 1
xline_790.png,0,1 1
inline_2140.png,0,1 1
inline_1414.png,0,1 1
xline_1051.png,0,1 1
inline_924.png,0,1 1
inline_1534.png,0,1 1
inline_1284.png,0,1 1
inline_2659.png,0,1 1
inline_2323.png,0,1 1
inline_2069.png,0,1 1
inline_3064.png,0,1 1
inline_3081.png,0,1 1
inline_3578.png,0,1 1
inline_1874.png,0,1 1
inline_1069.png,0,1 1
xline_2109.png,0,1 1
inline_2939.png,0,1 1
inline_2981.png,0,1 1
inline_2052.png,0,1 1
inline_1245.png,0,1 1
inline_1557.png,0,1 1
xline_974.png,0,1 1
inline_2591.png,0,1 1
inline_1009.png,0,1 1
xline_1150.png,0,1 1
inline_2842.png,0,1 1
inline_2697.png,0,1 1
inline_1096.png,0,1 1
xline_1221.png,0,1 1
xline_1074.png,0,1 1
xline_1816.png,0,1 1
xline_1610.png,0,1 1
xline_1024.png,0,1 1
inline_3663.png,0,1 1
xline_1508.png,0,1 1
inline_2235.png,0,1 1
inline_3035.png,0,1 1
inline_1329.png,0,1 1
inline_2645.png,0,1 1
xline_1300.png,0,1 1
xline_1266.png,0,1 1
xline_1364.png,0,1 1
inline_1115.png,0,1 1
inline_1540.png,0,1 1
inline_1634.png,0,1 1
inline_1573.png,0,1 1
inline_2579.png,0,1 1
xline_1647.png,0,1 1
xline_1077.png,0,1 1
inline_3269.png,0,1 1
inline_1065.png,0,1 1
inline_3050.png,0,1 1
xline_2178.png,0,1 1
inline_2302.png,0,1 1
xline_821.png,0,1 1
xline_1397.png,0,1 1
inline_1922.png,0,1 1
xline_1134.png,0,1 1
inline_3162.png,0,1 1
inline_963.png,0,1 1
inline_3589.png,0,1 1
inline_2348.png,0,1 1
xline_1932.png,0,1 1
xline_2342.png,0,1 1
inline_945.png,0,1 1
xline_1519.png,0,1 1
xline_2400.png,0,1 1
inline_1531.png,0,1 1
xline_1895.png,0,1 1
inline_1954.png,0,1 1
inline_1898.png,0,1 1
inline_3108.png,0,1 1
inline_3396.png,0,1 1
xline_2353.png,0,1 1
inline_1244.png,0,1 1
inline_3577.png,0,1 1
inline_3500.png,0,1 1
inline_2100.png,0,1 1
inline_1025.png,0,1 1
inline_1048.png,0,1 1
xline_1371.png,0,1 1
xline_1978.png,0,1 1
inline_1827.png,0,1 1
inline_998.png,0,1 1
inline_1961.png,0,1 1
xline_2262.png,0,1 1
inline_2878.png,0,1 1
xline_1808.png,0,1 1
xline_1907.png,0,1 1
inline_3407.png,0,1 1
xline_1922.png,0,1 1
inline_3388.png,0,1 1
xline_1927.png,0,1 1
inline_2260.png,0,1 1
inline_2545.png,0,1 1
inline_2446.png,0,1 1
inline_3357.png,0,1 1
inline_2318.png,0,1 1
inline_1147.png,0,1 1
xline_955.png,0,1 1
inline_2816.png,0,1 1
inline_3609.png,0,1 1
inline_1468.png,0,1 1
xline_1812.png,0,1 1
inline_1939.png,0,1 1
inline_2236.png,0,1 1
inline_1658.png,0,1 1
inline_3292.png,0,1 1
inline_3446.png,0,1 1
inline_3361.png,0,1 1
inline_3173.png,0,1 1
inline_2386.png,0,1 1
inline_3193.png,0,1 1
inline_2184.png,0,1 1
inline_1778.png,0,1 1
xline_1367.png,0,1 1
inline_3429.png,0,1 1
inline_2898.png,0,1 1
xline_2085.png,0,1 1
inline_2358.png,0,1 1
xline_1862.png,0,1 1
xline_1515.png,0,1 1
inline_1493.png,0,1 1
inline_2644.png,0,1 1
inline_3535.png,0,1 1
inline_2283.png,0,1 1
inline_2911.png,0,1 1
inline_2054.png,0,1 1
inline_3163.png,0,1 1
inline_3377.png,0,1 1
inline_2024.png,0,1 1
xline_675.png,0,1 1
xline_2190.png,0,1 1
xline_2170.png,0,1 1
xline_1883.png,0,1 1
inline_3116.png,0,1 1
inline_3187.png,0,1 1
xline_1237.png,0,1 1
inline_2628.png,0,1 1
xline_1306.png,0,1 1
xline_1417.png,0,1 1
inline_1867.png,0,1 1
inline_2339.png,0,1 1
inline_1473.png,0,1 1
inline_3095.png,0,1 1
xline_769.png,0,1 1
xline_1923.png,0,1 1
inline_2823.png,0,1 1
xline_1200.png,0,1 1
inline_2036.png,0,1 1
xline_1491.png,0,1 1
xline_2128.png,0,1 1
xline_1430.png,0,1 1
xline_1289.png,0,1 1
xline_517.png,0,1 1
xline_2201.png,0,1 1
xline_1948.png,0,1 1
xline_2113.png,0,1 1
xline_753.png,0,1 1
xline_982.png,0,1 1
inline_3501.png,0,1 1
xline_2004.png,0,1 1
inline_2096.png,0,1 1
xline_2357.png,0,1 1
xline_1897.png,0,1 1
xline_1815.png,0,1 1
xline_1795.png,0,1 1
inline_1127.png,0,1 1
inline_2240.png,0,1 1
inline_2078.png,0,1 1
xline_1104.png,0,1 1
xline_1389.png,0,1 1
xline_1453.png,0,1 1
xline_2274.png,0,1 1
inline_3003.png,0,1 1
xline_2203.png,0,1 1
xline_2125.png,0,1 1
xline_773.png,0,1 1
xline_638.png,0,1 1
xline_2111.png,0,1 1
inline_1591.png,0,1 1
inline_1373.png,0,1 1
xline_1004.png,0,1 1
xline_589.png,0,1 1
inline_2345.png,0,1 1
xline_730.png,0,1 1
xline_1755.png,0,1 1
inline_1146.png,0,1 1
xline_1353.png,0,1 1
xline_2007.png,0,1 1
xline_1910.png,0,1 1
inline_2248.png,0,1 1
inline_2607.png,0,1 1
inline_1315.png,0,1 1
inline_2259.png,0,1 1
inline_2584.png,0,1 1
xline_1113.png,0,1 1
xline_592.png,0,1 1
inline_2758.png,0,1 1
inline_863.png,0,1 1
inline_2107.png,0,1 1
inline_2702.png,0,1 1
xline_1518.png,0,1 1
xline_1251.png,0,1 1
xline_1080.png,0,1 1
inline_2313.png,0,1 1
inline_2870.png,0,1 1
inline_2583.png,0,1 1
inline_2854.png,0,1 1
inline_2435.png,0,1 1
inline_1644.png,0,1 1
inline_950.png,0,1 1
inline_1407.png,0,1 1
xline_770.png,0,1 1
xline_2302.png,0,1 1
xline_1085.png,0,1 1
xline_793.png,0,1 1
inline_2747.png,0,1 1
xline_1097.png,0,1 1
inline_2023.png,0,1 1
inline_2249.png,0,1 1
inline_2567.png,0,1 1
inline_2368.png,0,1 1
inline_3483.png,0,1 1
xline_935.png,0,1 1
xline_1870.png,0,1 1
xline_1931.png,0,1 1
xline_2224.png,0,1 1
xline_1904.png,0,1 1
inline_3518.png,0,1 1
inline_893.png,0,1 1
xline_2150.png,0,1 1
xline_1534.png,0,1 1
inline_3294.png,0,1 1
inline_2490.png,0,1 1
inline_2424.png,0,1 1
inline_1964.png,0,1 1
xline_1971.png,0,1 1
inline_1117.png,0,1 1
inline_916.png,0,1 1
inline_1348.png,0,1 1
xline_2207.png,0,1 1
inline_3109.png,0,1 1
xline_1996.png,0,1 1
inline_3471.png,0,1 1
inline_1247.png,0,1 1
xline_1161.png,0,1 1
inline_1640.png,0,1 1
xline_1434.png,0,1 1
inline_1140.png,0,1 1
xline_2134.png,0,1 1
inline_3658.png,0,1 1
inline_2986.png,0,1 1
xline_2009.png,0,1 1
xline_1695.png,0,1 1
inline_3327.png,0,1 1
xline_1445.png,0,1 1
inline_1700.png,0,1 1
xline_1569.png,0,1 1
inline_1675.png,0,1 1
xline_1679.png,0,1 1
xline_853.png,0,1 1
inline_1281.png,0,1 1
inline_1153.png,0,1 1
inline_1341.png,0,1 1
xline_2267.png,0,1 1
xline_1981.png,0,1 1
inline_2104.png,0,1 1
inline_2319.png,0,1 1
inline_2321.png,0,1 1
xline_1650.png,0,1 1
inline_3155.png,0,1 1
xline_822.png,0,1 1
inline_1892.png,0,1 1
inline_1876.png,0,1 1
xline_2075.png,0,1 1
inline_1763.png,0,1 1
xline_605.png,0,1 1
xline_2246.png,0,1 1
inline_2560.png,0,1 1
inline_3543.png,0,1 1
xline_1645.png,0,1 1
inline_2185.png,0,1 1
xline_2195.png,0,1 1
inline_3130.png,0,1 1
inline_1775.png,0,1 1
inline_3618.png,0,1 1
inline_3605.png,0,1 1
inline_3474.png,0,1 1
inline_3643.png,0,1 1
xline_530.png,0,1 1
inline_1363.png,0,1 1
inline_2121.png,0,1 1
xline_1156.png,0,1 1
inline_1427.png,0,1 1
inline_1845.png,0,1 1
xline_1928.png,0,1 1
xline_1746.png,0,1 1
inline_3020.png,0,1 1
inline_1367.png,0,1 1
xline_1072.png,0,1 1
inline_3445.png,0,1 1
xline_1929.png,0,1 1
inline_2298.png,0,1 1
inline_3368.png,0,1 1
inline_2351.png,0,1 1
inline_1381.png,0,1 1
inline_3141.png,0,1 1
xline_1357.png,0,1 1
inline_964.png,0,1 1
xline_2237.png,0,1 1
inline_2018.png,0,1 1
inline_3046.png,0,1 1
inline_996.png,0,1 1
inline_1568.png,0,1 1
inline_2708.png,0,1 1
inline_2783.png,0,1 1
inline_2165.png,0,1 1
xline_1462.png,0,1 1
inline_1735.png,0,1 1
xline_1005.png,0,1 1
inline_2529.png,0,1 1
xline_2209.png,0,1 1
xline_1039.png,0,1 1
xline_2117.png,0,1 1
inline_1629.png,0,1 1
inline_1148.png,0,1 1
inline_2211.png,0,1 1
xline_2001.png,0,1 1
inline_2472.png,0,1 1
xline_1581.png,0,1 1
inline_3537.png,0,1 1
inline_2856.png,0,1 1
inline_2853.png,0,1 1
xline_598.png,0,1 1
xline_511.png,0,1 1
xline_2166.png,0,1 1
xline_703.png,0,1 1
inline_1513.png,0,1 1
inline_2733.png,0,1 1
inline_3312.png,0,1 1
inline_1145.png,0,1 1
inline_3143.png,0,1 1
inline_1805.png,0,1 1
xline_815.png,0,1 1
inline_1196.png,0,1 1
inline_2125.png,0,1 1
inline_2199.png,0,1 1
inline_2287.png,0,1 1
xline_1355.png,0,1 1
inline_1309.png,0,1 1
xline_1468.png,0,1 1
xline_2383.png,0,1 1
inline_2705.png,0,1 1
xline_1017.png,0,1 1
inline_3195.png,0,1 1
inline_1450.png,0,1 1
inline_2829.png,0,1 1
xline_2314.png,0,1 1
inline_1016.png,0,1 1
xline_1749.png,0,1 1
inline_2910.png,0,1 1
inline_1216.png,0,1 1
xline_1782.png,0,1 1
inline_2403.png,0,1 1
xline_870.png,0,1 1
inline_1730.png,0,1 1
xline_1165.png,0,1 1
xline_1957.png,0,1 1
inline_2627.png,0,1 1
inline_1740.png,0,1 1
xline_1091.png,0,1 1
inline_2307.png,0,1 1
inline_3667.png,0,1 1
inline_1505.png,0,1 1
xline_1365.png,0,1 1
xline_1038.png,0,1 1
inline_2456.png,0,1 1
xline_2167.png,0,1 1
inline_3371.png,0,1 1
inline_3360.png,0,1 1
inline_1771.png,0,1 1
xline_811.png,0,1 1
xline_1853.png,0,1 1
xline_1722.png,0,1 1
xline_950.png,0,1 1
inline_1930.png,0,1 1
xline_1975.png,0,1 1
xline_2243.png,0,1 1
xline_2349.png,0,1 1
xline_1211.png,0,1 1
xline_1946.png,0,1 1
xline_1271.png,0,1 1
inline_1084.png,0,1 1
inline_3013.png,0,1 1
inline_2113.png,0,1 1
inline_1723.png,0,1 1
xline_1541.png,0,1 1
inline_1261.png,0,1 1
inline_3265.png,0,1 1
inline_1745.png,0,1 1
xline_1761.png,0,1 1
xline_1876.png,0,1 1
xline_630.png,0,1 1
inline_1139.png,0,1 1
xline_787.png,0,1 1
inline_2677.png,0,1 1
inline_1255.png,0,1 1
inline_3625.png,0,1 1
xline_594.png,0,1 1
xline_1294.png,0,1 1
xline_1018.png,0,1 1
inline_2441.png,0,1 1
inline_2809.png,0,1 1
inline_2652.png,0,1 1
inline_1936.png,0,1 1
inline_2039.png,0,1 1
inline_2333.png,0,1 1
xline_1735.png,0,1 1
inline_2655.png,0,1 1
xline_1830.png,0,1 1
inline_3321.png,0,1 1
inline_2282.png,0,1 1
inline_2811.png,0,1 1
inline_2099.png,0,1 1
inline_3311.png,0,1 1
inline_1510.png,0,1 1
xline_1553.png,0,1 1
inline_3628.png,0,1 1
xline_739.png,0,1 1
inline_1230.png,0,1 1
xline_729.png,0,1 1
inline_3316.png,0,1 1
inline_3469.png,0,1 1
xline_1363.png,0,1 1
xline_1669.png,0,1 1
xline_2083.png,0,1 1
inline_1236.png,0,1 1
xline_1032.png,0,1 1
xline_1579.png,0,1 1
inline_3097.png,0,1 1
xline_977.png,0,1 1
inline_3088.png,0,1 1
inline_3012.png,0,1 1
xline_1034.png,0,1 1
xline_2362.png,0,1 1
inline_965.png,0,1 1
inline_2102.png,0,1 1
inline_1924.png,0,1 1
xline_2023.png,0,1 1
xline_2333.png,0,1 1
xline_1986.png,0,1 1
inline_2872.png,0,1 1
xline_1521.png,0,1 1
inline_2938.png,0,1 1
xline_1181.png,0,1 1
inline_1559.png,0,1 1
inline_2696.png,0,1 1
inline_3536.png,0,1 1
xline_1164.png,0,1 1
inline_2312.png,0,1 1
xline_2065.png,0,1 1
inline_1119.png,0,1 1
inline_1494.png,0,1 1
inline_3533.png,0,1 1
xline_525.png,0,1 1
inline_1080.png,0,1 1
inline_2927.png,0,1 1
inline_1884.png,0,1 1
xline_2375.png,0,1 1
xline_1238.png,0,1 1
xline_614.png,0,1 1
inline_1520.png,0,1 1
xline_877.png,0,1 1
inline_2252.png,0,1 1
xline_572.png,0,1 1
inline_2365.png,0,1 1
xline_528.png,0,1 1
inline_1018.png,0,1 1
xline_1976.png,0,1 1
xline_580.png,0,1 1
inline_2852.png,0,1 1
inline_1592.png,0,1 1
xline_863.png,0,1 1
inline_1596.png,0,1 1
xline_1451.png,0,1 1
xline_1375.png,0,1 1
xline_2099.png,0,1 1
inline_2518.png,0,1 1
xline_1656.png,0,1 1
xline_2088.png,0,1 1
inline_2808.png,0,1 1
xline_1107.png,0,1 1
inline_3083.png,0,1 1
inline_2423.png,0,1 1
xline_1778.png,0,1 1
inline_1530.png,0,1 1
inline_2711.png,0,1 1
xline_1544.png,0,1 1
inline_2873.png,0,1 1
inline_3516.png,0,1 1
xline_734.png,0,1 1
xline_1597.png,0,1 1
inline_2990.png,0,1 1
xline_1486.png,0,1 1
inline_912.png,0,1 1
inline_2840.png,0,1 1
xline_1894.png,0,1 1
xline_1041.png,0,1 1
inline_3528.png,0,1 1
xline_1987.png,0,1 1
xline_686.png,0,1 1
inline_2828.png,0,1 1
xline_764.png,0,1 1
inline_3608.png,0,1 1
xline_1915.png,0,1 1
inline_2508.png,0,1 1
xline_1307.png,0,1 1
inline_1197.png,0,1 1
inline_2327.png,0,1 1
inline_3282.png,0,1 1
xline_1788.png,0,1 1
inline_3363.png,0,1 1
inline_2779.png,0,1 1
inline_1646.png,0,1 1
xline_2226.png,0,1 1
inline_2835.png,0,1 1
inline_1791.png,0,1 1
xline_2018.png,0,1 1
inline_2272.png,0,1 1
inline_2860.png,0,1 1
xline_2255.png,0,1 1
xline_728.png,0,1 1
xline_2130.png,0,1 1
xline_807.png,0,1 1
xline_868.png,0,1 1
inline_1767.png,0,1 1
xline_899.png,0,1 1
inline_1766.png,0,1 1
xline_1888.png,0,1 1
inline_2864.png,0,1 1
inline_1056.png,0,1 1
inline_1067.png,0,1 1
inline_1647.png,0,1 1
xline_1099.png,0,1 1
inline_2858.png,0,1 1
inline_2264.png,0,1 1
inline_3250.png,0,1 1
inline_1549.png,0,1 1
xline_2071.png,0,1 1
inline_982.png,0,1 1
inline_2337.png,0,1 1
xline_693.png,0,1 1
inline_2833.png,0,1 1
xline_995.png,0,1 1
xline_885.png,0,1 1
inline_2281.png,0,1 1
inline_1093.png,0,1 1
inline_2400.png,0,1 1
xline_2139.png,0,1 1
xline_1225.png,0,1 1
xline_2174.png,0,1 1
inline_1651.png,0,1 1
inline_2362.png,0,1 1
inline_2621.png,0,1 1
inline_3392.png,0,1 1
xline_1506.png,0,1 1
xline_560.png,0,1 1
inline_960.png,0,1 1
xline_2271.png,0,1 1
xline_2159.png,0,1 1
inline_3324.png,0,1 1
xline_748.png,0,1 1
inline_1045.png,0,1 1
xline_1058.png,0,1 1
inline_2292.png,0,1 1
inline_2303.png,0,1 1
inline_1223.png,0,1 1
xline_813.png,0,1 1
xline_2140.png,0,1 1
inline_3256.png,0,1 1
xline_2382.png,0,1 1
inline_1838.png,0,1 1
xline_1199.png,0,1 1
xline_2165.png,0,1 1
inline_1853.png,0,1 1
inline_1220.png,0,1 1
inline_2719.png,0,1 1
inline_3117.png,0,1 1
xline_1129.png,0,1 1
inline_1579.png,0,1 1
inline_3161.png,0,1 1
xline_1745.png,0,1 1
xline_1025.png,0,1 1
xline_2275.png,0,1 1
xline_585.png,0,1 1
inline_2863.png,0,1 1
xline_2193.png,0,1 1
inline_3405.png,0,1 1
xline_725.png,0,1 1
inline_1103.png,0,1 1
inline_2847.png,0,1 1
xline_1493.png,0,1 1
xline_637.png,0,1 1
inline_1504.png,0,1 1
inline_2987.png,0,1 1
inline_1856.png,0,1 1
inline_898.png,0,1 1
inline_947.png,0,1 1
inline_2641.png,0,1 1
xline_1043.png,0,1 1
inline_2158.png,0,1 1
inline_1327.png,0,1 1
inline_3406.png,0,1 1
inline_1262.png,0,1 1
inline_1344.png,0,1 1
inline_1709.png,0,1 1
xline_1494.png,0,1 1
inline_874.png,0,1 1
inline_1667.png,0,1 1
inline_913.png,0,1 1
inline_1572.png,0,1 1
xline_704.png,0,1 1
inline_1111.png,0,1 1
xline_1839.png,0,1 1
inline_2969.png,0,1 1
inline_3660.png,0,1 1
xline_830.png,0,1 1
inline_941.png,0,1 1
xline_1436.png,0,1 1
inline_3214.png,0,1 1
inline_1028.png,0,1 1
inline_2148.png,0,1 1
inline_1300.png,0,1 1
xline_922.png,0,1 1
inline_3167.png,0,1 1
inline_2015.png,0,1 1
inline_2457.png,0,1 1
inline_1957.png,0,1 1
inline_1929.png,0,1 1
xline_2378.png,0,1 1
inline_1211.png,0,1 1
xline_2106.png,0,1 1
inline_3258.png,0,1 1
inline_2807.png,0,1 1
inline_1682.png,0,1 1
inline_961.png,0,1 1
inline_1828.png,0,1 1
inline_2255.png,0,1 1
inline_3512.png,0,1 1
xline_1330.png,0,1 1
inline_2606.png,0,1 1
inline_2117.png,0,1 1
inline_1484.png,0,1 1
xline_1713.png,0,1 1
xline_760.png,0,1 1
xline_774.png,0,1 1
inline_1265.png,0,1 1
xline_1250.png,0,1 1
inline_3026.png,0,1 1
xline_2144.png,0,1 1
xline_1131.png,0,1 1
xline_1675.png,0,1 1
inline_942.png,0,1 1
inline_2026.png,0,1 1
inline_2728.png,0,1 1
xline_1035.png,0,1 1
inline_1581.png,0,1 1
inline_3336.png,0,1 1
inline_2784.png,0,1 1
inline_3568.png,0,1 1
inline_922.png,0,1 1
xline_1003.png,0,1 1
inline_2029.png,0,1 1
inline_3668.png,0,1 1
inline_2067.png,0,1 1
xline_1880.png,0,1 1
inline_3507.png,0,1 1
xline_1855.png,0,1 1
inline_2671.png,0,1 1
xline_1013.png,0,1 1
inline_3184.png,0,1 1
xline_1098.png,0,1 1
xline_1341.png,0,1 1
inline_3387.png,0,1 1
inline_2512.png,0,1 1
inline_1533.png,0,1 1
xline_629.png,0,1 1
inline_2448.png,0,1 1
xline_545.png,0,1 1
inline_1231.png,0,1 1
xline_2089.png,0,1 1
xline_1667.png,0,1 1
inline_3601.png,0,1 1
xline_1703.png,0,1 1
inline_1628.png,0,1 1
inline_3115.png,0,1 1
xline_2264.png,0,1 1
inline_1913.png,0,1 1
inline_1143.png,0,1 1
xline_1328.png,0,1 1
inline_2328.png,0,1 1
xline_2305.png,0,1 1
xline_2048.png,0,1 1
xline_1994.png,0,1 1
inline_2427.png,0,1 1
inline_2155.png,0,1 1
inline_3060.png,0,1 1
inline_2720.png,0,1 1
xline_838.png,0,1 1
inline_1669.png,0,1 1
inline_970.png,0,1 1
xline_1511.png,0,1 1
inline_3343.png,0,1 1
xline_1192.png,0,1 1
inline_1091.png,0,1 1
inline_2948.png,0,1 1
xline_876.png,0,1 1
xline_634.png,0,1 1
inline_1727.png,0,1 1
xline_2365.png,0,1 1
inline_1353.png,0,1 1
inline_1301.png,0,1 1
inline_2611.png,0,1 1
inline_2363.png,0,1 1
xline_1871.png,0,1 1
xline_1886.png,0,1 1
inline_1803.png,0,1 1
inline_3594.png,0,1 1
inline_2080.png,0,1 1
xline_1143.png,0,1 1
inline_1986.png,0,1 1
xline_546.png,0,1 1
xline_2212.png,0,1 1
inline_2275.png,0,1 1
inline_2484.png,0,1 1
inline_1248.png,0,1 1
inline_2996.png,0,1 1
xline_1480.png,0,1 1
inline_3306.png,0,1 1
inline_1500.png,0,1 1
inline_2206.png,0,1 1
inline_2931.png,0,1 1
inline_3607.png,0,1 1
xline_795.png,0,1 1
inline_2310.png,0,1 1
xline_578.png,0,1 1
xline_2329.png,0,1 1
xline_1070.png,0,1 1
xline_906.png,0,1 1
inline_2465.png,0,1 1
inline_2630.png,0,1 1
xline_783.png,0,1 1
inline_1289.png,0,1 1
xline_665.png,0,1 1
inline_2795.png,0,1 1
xline_1092.png,0,1 1
xline_1829.png,0,1 1
xline_1226.png,0,1 1
inline_2906.png,0,1 1
xline_2293.png,0,1 1
inline_2582.png,0,1 1
inline_3379.png,0,1 1
xline_555.png,0,1 1
inline_3521.png,0,1 1
xline_1598.png,0,1 1
inline_1806.png,0,1 1
inline_948.png,0,1 1
inline_3344.png,0,1 1
inline_1717.png,0,1 1
inline_2824.png,0,1 1
xline_1959.png,0,1 1
inline_1272.png,0,1 1
inline_1266.png,0,1 1
xline_1584.png,0,1 1
xline_1827.png,0,1 1
inline_1263.png,0,1 1
xline_1542.png,0,1 1
inline_1526.png,0,1 1
inline_2563.png,0,1 1
inline_2682.png,0,1 1
xline_1754.png,0,1 1
xline_1187.png,0,1 1
xline_1787.png,0,1 1
xline_2397.png,0,1 1
xline_2098.png,0,1 1
inline_2895.png,0,1 1
xline_902.png,0,1 1
xline_1631.png,0,1 1
xline_1010.png,0,1 1
inline_1447.png,0,1 1
inline_3319.png,0,1 1
xline_971.png,0,1 1
inline_2450.png,0,1 1
inline_2173.png,0,1 1
xline_938.png,0,1 1
inline_1415.png,0,1 1
inline_3610.png,0,1 1
xline_812.png,0,1 1
xline_1372.png,0,1 1
xline_1048.png,0,1 1
inline_3056.png,0,1 1
inline_2716.png,0,1 1
inline_1182.png,0,1 1
xline_915.png,0,1 1
xline_817.png,0,1 1
inline_3603.png,0,1 1
xline_2395.png,0,1 1
inline_2127.png,0,1 1
xline_1014.png,0,1 1
inline_1570.png,0,1 1
inline_3261.png,0,1 1
inline_3325.png,0,1 1
xline_1926.png,0,1 1
xline_2392.png,0,1 1
xline_865.png,0,1 1
xline_2090.png,0,1 1
xline_1175.png,0,1 1
inline_1021.png,0,1 1
inline_1342.png,0,1 1
inline_3104.png,0,1 1
xline_2162.png,0,1 1
xline_2261.png,0,1 1
inline_3219.png,0,1 1
xline_772.png,0,1 1
xline_796.png,0,1 1
xline_2253.png,0,1 1
xline_1063.png,0,1 1
xline_2127.png,0,1 1
xline_1432.png,0,1 1
xline_746.png,0,1 1
xline_1316.png,0,1 1
inline_2396.png,0,1 1
xline_1333.png,0,1 1
inline_1168.png,0,1 1
xline_1314.png,0,1 1
xline_1966.png,0,1 1
xline_1685.png,0,1 1
inline_2850.png,0,1 1
inline_1023.png,0,1 1
inline_1873.png,0,1 1
xline_1963.png,0,1 1
inline_3540.png,0,1 1
inline_2168.png,0,1 1
inline_1253.png,0,1 1
inline_3125.png,0,1 1
inline_2937.png,0,1 1
xline_582.png,0,1 1
inline_2626.png,0,1 1
inline_2183.png,0,1 1
inline_2914.png,0,1 1
inline_3449.png,0,1 1
xline_945.png,0,1 1
inline_3394.png,0,1 1
inline_2496.png,0,1 1
xline_2222.png,0,1 1
inline_1030.png,0,1 1
inline_2524.png,0,1 1
inline_2905.png,0,1 1
inline_3249.png,0,1 1
xline_985.png,0,1 1
xline_1538.png,0,1 1
inline_2355.png,0,1 1
inline_3259.png,0,1 1
xline_2231.png,0,1 1
inline_881.png,0,1 1
inline_1481.png,0,1 1
xline_844.png,0,1 1
xline_1349.png,0,1 1
inline_1980.png,0,1 1
xline_2013.png,0,1 1
xline_1793.png,0,1 1
inline_904.png,0,1 1
inline_1987.png,0,1 1
inline_2614.png,0,1 1
inline_2681.png,0,1 1
inline_1525.png,0,1 1
inline_1800.png,0,1 1
inline_1085.png,0,1 1
inline_3297.png,0,1 1
xline_1893.png,0,1 1
inline_1032.png,0,1 1
inline_3567.png,0,1 1
inline_3584.png,0,1 1
inline_2517.png,0,1 1
inline_3127.png,0,1 1
inline_2486.png,0,1 1
xline_1523.png,0,1 1
inline_3651.png,0,1 1
inline_870.png,0,1 1
inline_3508.png,0,1 1
inline_3473.png,0,1 1
xline_1448.png,0,1 1
xline_527.png,0,1 1
inline_2425.png,0,1 1
inline_2886.png,0,1 1
xline_1286.png,0,1 1
inline_3479.png,0,1 1
xline_2304.png,0,1 1
inline_2083.png,0,1 1
inline_1225.png,0,1 1
xline_2164.png,0,1 1
xline_1197.png,0,1 1
xline_514.png,0,1 1
xline_1374.png,0,1 1
inline_3563.png,0,1 1
xline_1380.png,0,1 1
inline_2772.png,0,1 1
inline_2998.png,0,1 1
inline_2736.png,0,1 1
inline_1498.png,0,1 1
inline_1441.png,0,1 1
inline_3309.png,0,1 1
inline_3318.png,0,1 1
xline_1460.png,0,1 1
xline_778.png,0,1 1
inline_1200.png,0,1 1
xline_1100.png,0,1 1
inline_2002.png,0,1 1
inline_1977.png,0,1 1
xline_1712.png,0,1 1
inline_2904.png,0,1 1
inline_1635.png,0,1 1
inline_1366.png,0,1 1
xline_1628.png,0,1 1
inline_2554.png,0,1 1
inline_2946.png,0,1 1
inline_1360.png,0,1 1
xline_2344.png,0,1 1
inline_2447.png,0,1 1
inline_3022.png,0,1 1
inline_867.png,0,1 1
inline_1420.png,0,1 1
inline_2503.png,0,1 1
inline_3252.png,0,1 1
xline_2077.png,0,1 1
xline_978.png,0,1 1
inline_3189.png,0,1 1
inline_1114.png,0,1 1
inline_864.png,0,1 1
inline_1650.png,0,1 1
inline_1333.png,0,1 1
inline_3253.png,0,1 1
inline_1173.png,0,1 1
inline_1736.png,0,1 1
xline_2330.png,0,1 1
xline_1646.png,0,1 1
inline_1835.png,0,1 1
inline_2074.png,0,1 1
xline_839.png,0,1 1
inline_2391.png,0,1 1
inline_2595.png,0,1 1
inline_1267.png,0,1 1
xline_1216.png,0,1 1
xline_705.png,0,1 1
inline_3057.png,0,1 1
inline_2001.png,0,1 1
inline_2903.png,0,1 1
xline_893.png,0,1 1
inline_3532.png,0,1 1
inline_1299.png,0,1 1
inline_1969.png,0,1 1
xline_1488.png,0,1 1
inline_3188.png,0,1 1
xline_1890.png,0,1 1
inline_2460.png,0,1 1
xline_1543.png,0,1 1
inline_1985.png,0,1 1
xline_2252.png,0,1 1
inline_1370.png,0,1 1
xline_1344.png,0,1 1
xline_2079.png,0,1 1
inline_886.png,0,1 1
inline_2406.png,0,1 1
xline_1230.png,0,1 1
inline_1565.png,0,1 1
inline_1714.png,0,1 1
inline_2487.png,0,1 1
inline_1605.png,0,1 1
inline_3596.png,0,1 1
inline_2418.png,0,1 1
xline_2363.png,0,1 1
xline_1564.png,0,1 1
inline_2479.png,0,1 1
xline_2105.png,0,1 1
inline_3530.png,0,1 1
inline_3347.png,0,1 1
inline_2353.png,0,1 1
inline_3345.png,0,1 1
xline_909.png,0,1 1
inline_1406.png,0,1 1
inline_1398.png,0,1 1
xline_1721.png,0,1 1
inline_3614.png,0,1 1
inline_2928.png,0,1 1
inline_3606.png,0,1 1
xline_1620.png,0,1 1
xline_1527.png,0,1 1
inline_2976.png,0,1 1
inline_1796.png,0,1 1
inline_2942.png,0,1 1
xline_1762.png,0,1 1
inline_1996.png,0,1 1
inline_3077.png,0,1 1
inline_2680.png,0,1 1
inline_2072.png,0,1 1
xline_829.png,0,1 1
xline_928.png,0,1 1
inline_1547.png,0,1 1
xline_786.png,0,1 1
inline_1006.png,0,1 1
inline_1789.png,0,1 1
xline_1331.png,0,1 1
inline_2586.png,0,1 1
inline_2722.png,0,1 1
xline_1678.png,0,1 1
xline_2380.png,0,1 1
inline_3181.png,0,1 1
inline_3084.png,0,1 1
inline_3374.png,0,1 1
inline_2308.png,0,1 1
xline_1820.png,0,1 1
inline_3335.png,0,1 1
inline_1002.png,0,1 1
xline_2356.png,0,1 1
inline_859.png,0,1 1
xline_1274.png,0,1 1
xline_2050.png,0,1 1
inline_1413.png,0,1 1
xline_1925.png,0,1 1
inline_2882.png,0,1 1
inline_2796.png,0,1 1
inline_1715.png,0,1 1
xline_2281.png,0,1 1
inline_3671.png,0,1 1
xline_2268.png,0,1 1
inline_2261.png,0,1 1
inline_1467.png,0,1 1
xline_1898.png,0,1 1
xline_1186.png,0,1 1
xline_1734.png,0,1 1
inline_1955.png,0,1 1
xline_1640.png,0,1 1
inline_1809.png,0,1 1
inline_1580.png,0,1 1
inline_1203.png,0,1 1
xline_1263.png,0,1 1
xline_554.png,0,1 1
inline_2034.png,0,1 1
inline_3524.png,0,1 1
xline_886.png,0,1 1
xline_1069.png,0,1 1
inline_975.png,0,1 1
xline_771.png,0,1 1
inline_1832.png,0,1 1
inline_3199.png,0,1 1
xline_1265.png,0,1 1
inline_3464.png,0,1 1
inline_3615.png,0,1 1
inline_2366.png,0,1 1
inline_2629.png,0,1 1
xline_2163.png,0,1 1
inline_968.png,0,1 1
inline_1382.png,0,1 1
inline_3272.png,0,1 1
xline_523.png,0,1 1
inline_1503.png,0,1 1
inline_3055.png,0,1 1
xline_2168.png,0,1 1
xline_1406.png,0,1 1
inline_2918.png,0,1 1
xline_1501.png,0,1 1
xline_1059.png,0,1 1
xline_632.png,0,1 1
inline_1411.png,0,1 1
inline_1020.png,0,1 1
inline_1970.png,0,1 1
inline_1548.png,0,1 1
inline_1154.png,0,1 1
xline_1759.png,0,1 1
inline_1199.png,0,1 1
xline_550.png,0,1 1
xline_1574.png,0,1 1
inline_3036.png,0,1 1
xline_1949.png,0,1 1
inline_923.png,0,1 1
inline_2752.png,0,1 1
inline_2952.png,0,1 1
inline_3264.png,0,1 1
xline_1801.png,0,1 1
xline_1877.png,0,1 1
inline_2511.png,0,1 1
inline_3427.png,0,1 1
xline_2300.png,0,1 1
xline_576.png,0,1 1
xline_1073.png,0,1 1
xline_920.png,0,1 1
inline_1814.png,0,1 1
xline_1146.png,0,1 1
inline_995.png,0,1 1
xline_2008.png,0,1 1
xline_2046.png,0,1 1
inline_910.png,0,1 1
inline_2030.png,0,1 1
xline_1772.png,0,1 1
inline_2146.png,0,1 1
xline_1446.png,0,1 1
xline_1580.png,0,1 1
xline_1974.png,0,1 1
xline_1356.png,0,1 1
inline_1538.png,0,1 1
inline_3307.png,0,1 1
inline_2258.png,0,1 1
xline_2319.png,0,1 1
inline_2750.png,0,1 1
inline_2531.png,0,1 1
xline_1026.png,0,1 1
xline_593.png,0,1 1
xline_667.png,0,1 1
inline_1855.png,0,1 1
inline_1680.png,0,1 1
inline_3441.png,0,1 1
inline_2746.png,0,1 1
inline_2966.png,0,1 1
xline_1969.png,0,1 1
xline_2308.png,0,1 1
inline_3298.png,0,1 1
inline_3517.png,0,1 1
inline_2086.png,0,1 1
xline_1818.png,0,1 1
xline_1160.png,0,1 1
inline_2071.png,0,1 1
inline_2047.png,0,1 1
inline_2874.png,0,1 1
inline_1990.png,0,1 1
inline_2194.png,0,1 1
xline_1470.png,0,1 1
inline_1470.png,0,1 1
xline_1425.png,0,1 1
inline_1352.png,0,1 1
inline_931.png,0,1 1
inline_1232.png,0,1 1
inline_2410.png,0,1 1
inline_2930.png,0,1 1
xline_1370.png,0,1 1
inline_1393.png,0,1 1
xline_1792.png,0,1 1
xline_542.png,0,1 1
inline_3641.png,0,1 1
xline_692.png,0,1 1
inline_1699.png,0,1 1
xline_1135.png,0,1 1
inline_3520.png,0,1 1
inline_2338.png,0,1 1
inline_2326.png,0,1 1
inline_905.png,0,1 1
inline_1303.png,0,1 1
xline_650.png,0,1 1
inline_2238.png,0,1 1
inline_2244.png,0,1 1
inline_3526.png,0,1 1
inline_3554.png,0,1 1
xline_1253.png,0,1 1
inline_2859.png,0,1 1
xline_1339.png,0,1 1
inline_3495.png,0,1 1
inline_1209.png,0,1 1
inline_2373.png,0,1 1
inline_1815.png,0,1 1
xline_1551.png,0,1 1
inline_1162.png,0,1 1
inline_3082.png,0,1 1
inline_3422.png,0,1 1
xline_1765.png,0,1 1
inline_953.png,0,1 1
inline_2320.png,0,1 1
xline_1021.png,0,1 1
inline_2225.png,0,1 1
inline_860.png,0,1 1
inline_1251.png,0,1 1
inline_1639.png,0,1 1
inline_3296.png,0,1 1
xline_1262.png,0,1 1
inline_2543.png,0,1 1
inline_2332.png,0,1 1
inline_1569.png,0,1 1
xline_2239.png,0,1 1
inline_2012.png,0,1 1
xline_1651.png,0,1 1
inline_3176.png,0,1 1
xline_1708.png,0,1 1
inline_1436.png,0,1 1
inline_1734.png,0,1 1
inline_2592.png,0,1 1
inline_3061.png,0,1 1
inline_2216.png,0,1 1
inline_2065.png,0,1 1
inline_1790.png,0,1 1
xline_706.png,0,1 1
inline_1431.png,0,1 1
xline_1232.png,0,1 1
xline_766.png,0,1 1
xline_940.png,0,1 1
xline_2073.png,0,1 1
inline_2066.png,0,1 1
inline_3477.png,0,1 1
xline_875.png,0,1 1
inline_2169.png,0,1 1
xline_1961.png,0,1 1
xline_1176.png,0,1 1
inline_1818.png,0,1 1
inline_1777.png,0,1 1
inline_3472.png,0,1 1
inline_3509.png,0,1 1
inline_1349.png,0,1 1
xline_2394.png,0,1 1
inline_1601.png,0,1 1
xline_1002.png,0,1 1
xline_713.png,0,1 1
inline_1205.png,0,1 1
xline_1257.png,0,1 1
inline_1994.png,0,1 1
xline_619.png,0,1 1
inline_2590.png,0,1 1
inline_1190.png,0,1 1
inline_3267.png,0,1 1
inline_901.png,0,1 1
xline_1195.png,0,1 1
inline_3413.png,0,1 1
inline_2513.png,0,1 1
xline_1442.png,0,1 1
inline_2724.png,0,1 1
inline_2172.png,0,1 1
inline_2880.png,0,1 1
inline_972.png,0,1 1
inline_2881.png,0,1 1
inline_3547.png,0,1 1
xline_1215.png,0,1 1
inline_1442.png,0,1 1
inline_3237.png,0,1 1
xline_1190.png,0,1 1
inline_1479.png,0,1 1
xline_1412.png,0,1 1
xline_941.png,0,1 1
xline_1285.png,0,1 1
xline_1075.png,0,1 1
inline_1012.png,0,1 1
inline_1260.png,0,1 1
xline_949.png,0,1 1
inline_2777.png,0,1 1
inline_3376.png,0,1 1
inline_1904.png,0,1 1
xline_983.png,0,1 1
xline_1618.png,0,1 1
xline_1302.png,0,1 1
inline_3262.png,0,1 1
xline_1064.png,0,1 1
xline_872.png,0,1 1
xline_1028.png,0,1 1
inline_2892.png,0,1 1
inline_1437.png,0,1 1
xline_661.png,0,1 1
inline_1821.png,0,1 1
inline_1275.png,0,1 1
xline_2257.png,0,1 1
inline_2142.png,0,1 1
xline_2307.png,0,1 1
inline_2334.png,0,1 1
inline_1816.png,0,1 1
xline_972.png,0,1 1
xline_2254.png,0,1 1
inline_2159.png,0,1 1
xline_757.png,0,1 1
xline_1716.png,0,1 1
inline_3132.png,0,1 1
inline_2481.png,0,1 1
inline_3295.png,0,1 1
inline_2019.png,0,1 1
xline_2247.png,0,1 1
xline_2032.png,0,1 1
inline_3016.png,0,1 1
xline_559.png,0,1 1
inline_2147.png,0,1 1
xline_2185.png,0,1 1
xline_2076.png,0,1 1
inline_3225.png,0,1 1
inline_3322.png,0,1 1
inline_2090.png,0,1 1
xline_1860.png,0,1 1
inline_3356.png,0,1 1
inline_3002.png,0,1 1
xline_1570.png,0,1 1
xline_2396.png,0,1 1
inline_981.png,0,1 1
xline_1086.png,0,1 1
xline_1203.png,0,1 1
inline_1206.png,0,1 1
inline_1491.png,0,1 1
inline_3576.png,0,1 1
xline_512.png,0,1 1
xline_808.png,0,1 1
inline_1049.png,0,1 1
inline_1055.png,0,1 1
inline_2214.png,0,1 1
inline_3210.png,0,1 1
inline_2336.png,0,1 1
xline_1461.png,0,1 1
xline_2346.png,0,1 1
inline_3384.png,0,1 1
xline_1212.png,0,1 1
inline_1361.png,0,1 1
inline_3443.png,0,1 1
xline_1360.png,0,1 1
inline_2504.png,0,1 1
inline_1287.png,0,1 1
inline_3459.png,0,1 1
inline_2522.png,0,1 1
xline_1422.png,0,1 1
xline_1334.png,0,1 1
inline_1785.png,0,1 1
inline_2619.png,0,1 1
xline_718.png,0,1 1
inline_2195.png,0,1 1
inline_2495.png,0,1 1
xline_1529.png,0,1 1
xline_1766.png,0,1 1
inline_1710.png,0,1 1
inline_2550.png,0,1 1
xline_926.png,0,1 1
inline_862.png,0,1 1
inline_3340.png,0,1 1
inline_1469.png,0,1 1
xline_892.png,0,1 1
xline_1942.png,0,1 1
xline_800.png,0,1 1
inline_2449.png,0,1 1
inline_2212.png,0,1 1
inline_2390.png,0,1 1
xline_2218.png,0,1 1
xline_1683.png,0,1 1
xline_998.png,0,1 1
xline_850.png,0,1 1
inline_3454.png,0,1 1
xline_1180.png,0,1 1
inline_3490.png,0,1 1
xline_1082.png,0,1 1
xline_964.png,0,1 1
xline_1884.png,0,1 1
xline_1977.png,0,1 1
xline_1951.png,0,1 1
xline_2318.png,0,1 1
xline_1980.png,0,1 1
inline_1900.png,0,1 1
inline_3527.png,0,1 1
inline_1781.png,0,1 1
inline_1593.png,0,1 1
xline_1548.png,0,1 1
inline_1693.png,0,1 1
xline_2228.png,0,1 1
xline_1724.png,0,1 1
inline_1614.png,0,1 1
inline_966.png,0,1 1
xline_2390.png,0,1 1
xline_1887.png,0,1 1
inline_1022.png,0,1 1
xline_652.png,0,1 1
xline_1522.png,0,1 1
inline_871.png,0,1 1
inline_1813.png,0,1 1
inline_3009.png,0,1 1
inline_3558.png,0,1 1
xline_2058.png,0,1 1
xline_664.png,0,1 1
xline_1065.png,0,1 1
inline_1902.png,0,1 1
inline_3215.png,0,1 1
xline_567.png,0,1 1
inline_2361.png,0,1 1
inline_2844.png,0,1 1
xline_733.png,0,1 1
inline_3067.png,0,1 1
inline_2415.png,0,1 1
inline_1038.png,0,1 1
inline_3243.png,0,1 1
inline_1556.png,0,1 1
inline_3019.png,0,1 1
xline_1889.png,0,1 1
inline_929.png,0,1 1
xline_1958.png,0,1 1
xline_1711.png,0,1 1
inline_3498.png,0,1 1
inline_2787.png,0,1 1
xline_1469.png,0,1 1
xline_1717.png,0,1 1
inline_1786.png,0,1 1
xline_1546.png,0,1 1
xline_1902.png,0,1 1
xline_1347.png,0,1 1
xline_2131.png,0,1 1
inline_2593.png,0,1 1
xline_1081.png,0,1 1
inline_1679.png,0,1 1
xline_855.png,0,1 1
xline_1505.png,0,1 1
inline_2609.png,0,1 1
inline_2432.png,0,1 1
inline_907.png,0,1 1
inline_1010.png,0,1 1
inline_2899.png,0,1 1
xline_1117.png,0,1 1
xline_2026.png,0,1 1
inline_2688.png,0,1 1
inline_951.png,0,1 1
xline_1178.png,0,1 1
inline_1847.png,0,1 1
xline_2205.png,0,1 1
inline_3506.png,0,1 1
xline_1917.png,0,1 1
inline_3544.png,0,1 1
inline_2132.png,0,1 1
xline_1145.png,0,1 1
inline_1285.png,0,1 1
inline_2955.png,0,1 1
inline_3054.png,0,1 1
xline_2313.png,0,1 1
inline_1222.png,0,1 1
inline_1156.png,0,1 1
inline_1950.png,0,1 1
xline_1392.png,0,1 1
inline_1461.png,0,1 1
inline_3354.png,0,1 1
inline_2751.png,0,1 1
inline_1812.png,0,1 1
inline_2485.png,0,1 1
xline_1325.png,0,1 1
xline_2269.png,0,1 1
xline_1585.png,0,1 1
inline_2589.png,0,1 1
xline_647.png,0,1 1
xline_1084.png,0,1 1
xline_1105.png,0,1 1
inline_1770.png,0,1 1
xline_1653.png,0,1 1
xline_1743.png,0,1 1
xline_834.png,0,1 1
inline_1757.png,0,1 1
xline_2391.png,0,1 1
xline_2135.png,0,1 1
xline_2148.png,0,1 1
inline_2325.png,0,1 1
inline_2643.png,0,1 1
inline_1050.png,0,1 1
xline_883.png,0,1 1
inline_2817.png,0,1 1
inline_3278.png,0,1 1
xline_1665.png,0,1 1
xline_848.png,0,1 1
inline_1151.png,0,1 1
inline_2510.png,0,1 1
inline_1697.png,0,1 1
inline_1502.png,0,1 1
xline_558.png,0,1 1
inline_2311.png,0,1 1
inline_2105.png,0,1 1
xline_1993.png,0,1 1
xline_1424.png,0,1 1
inline_1008.png,0,1 1
inline_3635.png,0,1 1
xline_2347.png,0,1 1
inline_3329.png,0,1 1
inline_2265.png,0,1 1
inline_3348.png,0,1 1
inline_3401.png,0,1 1
xline_2078.png,0,1 1
inline_3080.png,0,1 1
inline_2070.png,0,1 1
inline_1434.png,0,1 1
xline_1383.png,0,1 1
inline_896.png,0,1 1
inline_1544.png,0,1 1
inline_2064.png,0,1 1
xline_1572.png,0,1 1
inline_1681.png,0,1 1
xline_1438.png,0,1 1
inline_876.png,0,1 1
xline_1913.png,0,1 1
inline_2768.png,0,1 1
inline_1608.png,0,1 1
inline_2217.png,0,1 1
xline_676.png,0,1 1
xline_1427.png,0,1 1
xline_2176.png,0,1 1
inline_2289.png,0,1 1
inline_3302.png,0,1 1
inline_3223.png,0,1 1
xline_607.png,0,1 1
inline_2082.png,0,1 1
inline_2278.png,0,1 1
inline_1748.png,0,1 1
inline_3038.png,0,1 1
xline_736.png,0,1 1
xline_1489.png,0,1 1
inline_2625.png,0,1 1
xline_1909.png,0,1 1
xline_2348.png,0,1 1
inline_1660.png,0,1 1
xline_1254.png,0,1 1
inline_3172.png,0,1 1
inline_1235.png,0,1 1
xline_1248.png,0,1 1
inline_2953.png,0,1 1
inline_1246.png,0,1 1
inline_3395.png,0,1 1
xline_1270.png,0,1 1
xline_1791.png,0,1 1
inline_3190.png,0,1 1
inline_2442.png,0,1 1
xline_1982.png,0,1 1
xline_662.png,0,1 1
inline_1365.png,0,1 1
inline_1057.png,0,1 1
inline_1108.png,0,1 1
inline_2279.png,0,1 1
xline_1130.png,0,1 1
inline_1291.png,0,1 1
inline_3241.png,0,1 1
inline_1306.png,0,1 1
inline_3541.png,0,1 1
inline_1101.png,0,1 1
xline_521.png,0,1 1
inline_2713.png,0,1 1
inline_3399.png,0,1 1
inline_3135.png,0,1 1
inline_3159.png,0,1 1
inline_3154.png,0,1 1
inline_1886.png,0,1 1
inline_2738.png,0,1 1
xline_735.png,0,1 1
inline_3585.png,0,1 1
inline_2660.png,0,1 1
xline_1319.png,0,1 1
inline_2605.png,0,1 1
inline_2138.png,0,1 1
inline_2616.png,0,1 1
inline_2200.png,0,1 1
inline_1015.png,0,1 1
inline_2143.png,0,1 1
inline_2493.png,0,1 1
inline_3300.png,0,1 1
inline_1194.png,0,1 1
inline_2662.png,0,1 1
xline_1046.png,0,1 1
inline_3435.png,0,1 1
inline_2357.png,0,1 1
inline_1774.png,0,1 1
inline_2411.png,0,1 1
inline_2134.png,0,1 1
xline_1040.png,0,1 1
inline_3217.png,0,1 1
inline_3465.png,0,1 1
xline_595.png,0,1 1
inline_3098.png,0,1 1
inline_1079.png,0,1 1
xline_1972.png,0,1 1
xline_1874.png,0,1 1
inline_2945.png,0,1 1
inline_1938.png,0,1 1
inline_2202.png,0,1 1
xline_1973.png,0,1 1
inline_2284.png,0,1 1
xline_1475.png,0,1 1
inline_2010.png,0,1 1
xline_930.png,0,1 1
xline_2100.png,0,1 1
xline_1179.png,0,1 1
xline_2367.png,0,1 1
inline_3314.png,0,1 1
inline_1819.png,0,1 1
xline_1276.png,0,1 1
xline_1279.png,0,1 1
xline_1291.png,0,1 1
inline_1656.png,0,1 1
xline_2192.png,0,1 1
xline_2186.png,0,1 1
xline_1744.png,0,1 1
xline_1229.png,0,1 1
inline_2421.png,0,1 1
inline_3358.png,0,1 1
inline_2387.png,0,1 1
inline_1090.png,0,1 1
xline_1696.png,0,1 1
inline_1839.png,0,1 1
xline_1205.png,0,1 1
xline_908.png,0,1 1
inline_1439.png,0,1 1
inline_3021.png,0,1 1
xline_712.png,0,1 1
inline_3623.png,0,1 1
inline_2744.png,0,1 1
inline_2571.png,0,1 1
inline_2650.png,0,1 1
xline_2241.png,0,1 1
inline_1340.png,0,1 1
inline_1899.png,0,1 1
xline_1060.png,0,1 1
inline_1545.png,0,1 1
xline_569.png,0,1 1
xline_1863.png,0,1 1
inline_2162.png,0,1 1
xline_1985.png,0,1 1
xline_1133.png,0,1 1
xline_1405.png,0,1 1
inline_1976.png,0,1 1
inline_3175.png,0,1 1
inline_1282.png,0,1 1
xline_1520.png,0,1 1
xline_1763.png,0,1 1
xline_799.png,0,1 1
inline_1696.png,0,1 1
xline_1803.png,0,1 1
xline_2385.png,0,1 1
xline_1536.png,0,1 1
inline_2612.png,0,1 1
inline_1868.png,0,1 1
inline_1452.png,0,1 1
inline_3453.png,0,1 1
inline_1992.png,0,1 1
xline_818.png,0,1 1
xline_1775.png,0,1 1
inline_1739.png,0,1 1
inline_1195.png,0,1 1
xline_1613.png,0,1 1
xline_2038.png,0,1 1
inline_2371.png,0,1 1
inline_1609.png,0,1 1
inline_1325.png,0,1 1
inline_3502.png,0,1 1
inline_1597.png,0,1 1
inline_2536.png,0,1 1
inline_2748.png,0,1 1
inline_1487.png,0,1 1
xline_2041.png,0,1 1
inline_3591.png,0,1 1
inline_1632.png,0,1 1
xline_1819.png,0,1 1
inline_2498.png,0,1 1
inline_2601.png,0,1 1
xline_996.png,0,1 1
inline_2821.png,0,1 1
xline_1609.png,0,1 1
xline_2345.png,0,1 1
xline_803.png,0,1 1
xline_801.png,0,1 1
xline_1510.png,0,1 1
inline_3111.png,0,1 1
inline_1488.png,0,1 1
xline_1219.png,0,1 1
xline_2292.png,0,1 1
xline_1174.png,0,1 1
xline_1208.png,0,1 1
xline_1429.png,0,1 1
inline_1276.png,0,1 1
inline_3493.png,0,1 1
inline_3529.png,0,1 1
xline_615.png,0,1 1
xline_2198.png,0,1 1
inline_1258.png,0,1 1
inline_3665.png,0,1 1
xline_2234.png,0,1 1
inline_1380.png,0,1 1
xline_2301.png,0,1 1
xline_1295.png,0,1 1
inline_1850.png,0,1 1
xline_1555.png,0,1 1
inline_2726.png,0,1 1
xline_1313.png,0,1 1
inline_1152.png,0,1 1
inline_955.png,0,1 1
xline_2068.png,0,1 1
inline_883.png,0,1 1
inline_2912.png,0,1 1
inline_2521.png,0,1 1
inline_2492.png,0,1 1
inline_1219.png,0,1 1
inline_869.png,0,1 1
inline_1750.png,0,1 1
inline_2473.png,0,1 1
inline_2156.png,0,1 1
inline_1866.png,0,1 1
xline_925.png,0,1 1
xline_1120.png,0,1 1
xline_1533.png,0,1 1
inline_1334.png,0,1 1
inline_2027.png,0,1 1
xline_2015.png,0,1 1
inline_2192.png,0,1 1
xline_1011.png,0,1 1
inline_958.png,0,1 1
xline_2217.png,0,1 1
xline_816.png,0,1 1
inline_3447.png,0,1 1
inline_2819.png,0,1 1
inline_1346.png,0,1 1
inline_3383.png,0,1 1
xline_1617.png,0,1 1
inline_1820.png,0,1 1
xline_1568.png,0,1 1
inline_2848.png,0,1 1
inline_1071.png,0,1 1
xline_1600.png,0,1 1
inline_1113.png,0,1 1
xline_1151.png,0,1 1
inline_1829.png,0,1 1
inline_1307.png,0,1 1
inline_3086.png,0,1 1
xline_1327.png,0,1 1
inline_3461.png,0,1 1
xline_520.png,0,1 1
xline_2194.png,0,1 1
inline_2552.png,0,1 1
inline_1471.png,0,1 1
inline_3649.png,0,1 1
inline_1458.png,0,1 1
xline_1709.png,0,1 1
inline_1768.png,0,1 1
xline_644.png,0,1 1
inline_2789.png,0,1 1
xline_1757.png,0,1 1
inline_2370.png,0,1 1
inline_1871.png,0,1 1
inline_1400.png,0,1 1
xline_1861.png,0,1 1
inline_2875.png,0,1 1
xline_894.png,0,1 1
xline_1369.png,0,1 1
inline_1880.png,0,1 1
xline_1474.png,0,1 1
xline_1901.png,0,1 1
inline_3617.png,0,1 1
inline_2430.png,0,1 1
xline_507.png,0,1 1
inline_1760.png,0,1 1
inline_1590.png,0,1 1
xline_2141.png,0,1 1
xline_2133.png,0,1 1
inline_1422.png,0,1 1
inline_1916.png,0,1 1
xline_805.png,0,1 1
xline_1965.png,0,1 1
inline_1872.png,0,1 1
inline_2891.png,0,1 1
inline_1176.png,0,1 1
xline_1458.png,0,1 1
xline_1814.png,0,1 1
xline_1492.png,0,1 1
inline_3425.png,0,1 1
inline_2262.png,0,1 1
inline_2637.png,0,1 1
xline_2119.png,0,1 1
xline_2206.png,0,1 1
xline_976.png,0,1 1
xline_1725.png,0,1 1
inline_3600.png,0,1 1
inline_2820.png,0,1 1
xline_2315.png,0,1 1
inline_1935.png,0,1 1
xline_2364.png,0,1 1
inline_3123.png,0,1 1
xline_1828.png,0,1 1
inline_1567.png,0,1 1
xline_2361.png,0,1 1
inline_3238.png,0,1 1
xline_1264.png,0,1 1
inline_1377.png,0,1 1
xline_1194.png,0,1 1
xline_1377.png,0,1 1
xline_2064.png,0,1 1
inline_2631.png,0,1 1
xline_2350.png,0,1 1
inline_1948.png,0,1 1
xline_1376.png,0,1 1
inline_1184.png,0,1 1
inline_2603.png,0,1 1
inline_2862.png,0,1 1
inline_2994.png,0,1 1
inline_967.png,0,1 1
xline_1588.png,0,1 1
inline_3338.png,0,1 1
inline_2250.png,0,1 1
xline_1528.png,0,1 1
inline_1588.png,0,1 1
xline_738.png,0,1 1
xline_631.png,0,1 1
inline_2433.png,0,1 1
inline_1724.png,0,1 1
inline_3466.png,0,1 1
xline_1822.png,0,1 1
inline_1486.png,0,1 1
xline_1844.png,0,1 1
inline_2725.png,0,1 1
inline_939.png,0,1 1
xline_1514.png,0,1 1
xline_679.png,0,1 1
inline_3129.png,0,1 1
inline_1518.png,0,1 1
inline_2167.png,0,1 1
inline_1046.png,0,1 1
xline_896.png,0,1 1
xline_2377.png,0,1 1
xline_1800.png,0,1 1
xline_609.png,0,1 1
inline_3440.png,0,1 1
xline_1606.png,0,1 1
inline_3289.png,0,1 1
xline_1235.png,0,1 1
xline_1865.png,0,1 1
inline_2186.png,0,1 1
xline_2123.png,0,1 1
inline_3245.png,0,1 1
inline_962.png,0,1 1
xline_721.png,0,1 1
inline_1336.png,0,1 1
inline_1460.png,0,1 1
xline_548.png,0,1 1
inline_3065.png,0,1 1
xline_2142.png,0,1 1
inline_1870.png,0,1 1
xline_1738.png,0,1 1
inline_2668.png,0,1 1
inline_3561.png,0,1 1
xline_1193.png,0,1 1
inline_3462.png,0,1 1
inline_3058.png,0,1 1
xline_1554.png,0,1 1
inline_3489.png,0,1 1
inline_3290.png,0,1 1
inline_2304.png,0,1 1
xline_2221.png,0,1 1
xline_1919.png,0,1 1
xline_840.png,0,1 1
inline_1971.png,0,1 1
inline_3032.png,0,1 1
xline_1158.png,0,1 1
inline_3044.png,0,1 1
inline_3655.png,0,1 1
inline_3254.png,0,1 1
xline_1466.png,0,1 1
inline_1516.png,0,1 1
xline_2376.png,0,1 1
inline_1984.png,0,1 1
xline_553.png,0,1 1
inline_3616.png,0,1 1
inline_1661.png,0,1 1
xline_1900.png,0,1 1
inline_2309.png,0,1 1
inline_3030.png,0,1 1
inline_3581.png,0,1 1
xline_1750.png,0,1 1
xline_1524.png,0,1 1
inline_1881.png,0,1 1
inline_2594.png,0,1 1
xline_565.png,0,1 1
xline_722.png,0,1 1
inline_3549.png,0,1 1
inline_3632.png,0,1 1
inline_2170.png,0,1 1
inline_3456.png,0,1 1
inline_3073.png,0,1 1
inline_1432.png,0,1 1
inline_1744.png,0,1 1
inline_2884.png,0,1 1
xline_979.png,0,1 1
xline_1045.png,0,1 1
inline_1705.png,0,1 1
xline_2199.png,0,1 1
xline_1137.png,0,1 1
inline_2718.png,0,1 1
inline_1848.png,0,1 1
inline_1158.png,0,1 1
inline_3575.png,0,1 1
xline_2223.png,0,1 1
inline_2649.png,0,1 1
xline_1288.png,0,1 1
inline_1312.png,0,1 1
inline_3458.png,0,1 1
inline_1823.png,0,1 1
xline_1217.png,0,1 1
inline_1257.png,0,1 1
inline_2935.png,0,1 1
inline_2622.png,0,1 1
inline_3023.png,0,1 1
xline_851.png,0,1 1
xline_624.png,0,1 1
xline_2022.png,0,1 1
inline_3246.png,0,1 1
xline_960.png,0,1 1
inline_969.png,0,1 1
inline_2763.png,0,1 1
xline_577.png,0,1 1
inline_1072.png,0,1 1
inline_1769.png,0,1 1
xline_1550.png,0,1 1
inline_1914.png,0,1 1
inline_3430.png,0,1 1
xline_707.png,0,1 1
xline_1742.png,0,1 1
inline_3564.png,0,1 1
inline_2381.png,0,1 1
xline_639.png,0,1 1
inline_3639.png,0,1 1
xline_1500.png,0,1 1
inline_2686.png,0,1 1
inline_1508.png,0,1 1
inline_2108.png,0,1 1
xline_2136.png,0,1 1
inline_1497.png,0,1 1
inline_2164.png,0,1 1
xline_2339.png,0,1 1
inline_2885.png,0,1 1
xline_2196.png,0,1 1
inline_3624.png,0,1 1
inline_3351.png,0,1 1
inline_2068.png,0,1 1
inline_1966.png,0,1 1
xline_1020.png,0,1 1
inline_2546.png,0,1 1
inline_2317.png,0,1 1
xline_1634.png,0,1 1
xline_1693.png,0,1 1
inline_3496.png,0,1 1
inline_1617.png,0,1 1
inline_3274.png,0,1 1
inline_1088.png,0,1 1
inline_3233.png,0,1 1
xline_1278.png,0,1 1
inline_2505.png,0,1 1
inline_2218.png,0,1 1
inline_957.png,0,1 1
inline_2241.png,0,1 1
xline_1342.png,0,1 1
inline_1539.png,0,1 1
xline_1431.png,0,1 1
inline_2154.png,0,1 1
inline_1551.png,0,1 1
inline_3028.png,0,1 1
inline_3211.png,0,1 1
xline_2072.png,0,1 1
inline_2335.png,0,1 1
inline_2163.png,0,1 1
inline_1007.png,0,1 1
inline_2468.png,0,1 1
xline_657.png,0,1 1
inline_1410.png,0,1 1
inline_1931.png,0,1 1
inline_1066.png,0,1 1
inline_2299.png,0,1 1
xline_1583.png,0,1 1
inline_1386.png,0,1 1
xline_1729.png,0,1 1
xline_1119.png,0,1 1
xline_2172.png,0,1 1
inline_2570.png,0,1 1
inline_1599.png,0,1 1
xline_860.png,0,1 1
inline_2223.png,0,1 1
inline_2762.png,0,1 1
xline_959.png,0,1 1
inline_2812.png,0,1 1
inline_3126.png,0,1 1
inline_3491.png,0,1 1
xline_2248.png,0,1 1
inline_3134.png,0,1 1
xline_999.png,0,1 1
inline_2324.png,0,1 1
xline_1420.png,0,1 1
inline_3436.png,0,1 1
inline_2740.png,0,1 1
xline_1748.png,0,1 1
inline_3260.png,0,1 1
inline_2119.png,0,1 1
inline_2797.png,0,1 1
inline_3133.png,0,1 1
xline_645.png,0,1 1
xline_1268.png,0,1 1
inline_2664.png,0,1 1
inline_2741.png,0,1 1
inline_2215.png,0,1 1
xline_1794.png,0,1 1
xline_505.png,0,1 1
xline_1596.png,0,1 1
inline_3515.png,0,1 1
xline_2337.png,0,1 1
inline_2316.png,0,1 1
inline_1089.png,0,1 1
xline_1739.png,0,1 1
xline_604.png,0,1 1
inline_1691.png,0,1 1
xline_2279.png,0,1 1
inline_2577.png,0,1 1
inline_2557.png,0,1 1
inline_2128.png,0,1 1
inline_2794.png,0,1 1
inline_1217.png,0,1 1
inline_1210.png,0,1 1
xline_671.png,0,1 1
inline_1362.png,0,1 1
xline_1608.png,0,1 1
xline_1326.png,0,1 1
inline_1372.png,0,1 1
inline_1094.png,0,1 1
inline_3550.png,0,1 1
inline_1155.png,0,1 1
inline_2378.png,0,1 1
inline_1587.png,0,1 1
xline_1083.png,0,1 1
inline_2965.png,0,1 1
inline_2827.png,0,1 1
inline_1239.png,0,1 1
inline_2638.png,0,1 1
inline_1678.png,0,1 1
xline_1619.png,0,1 1
xline_2107.png,0,1 1
xline_1869.png,0,1 1
inline_2436.png,0,1 1
xline_709.png,0,1 1
xline_1776.png,0,1 1
inline_3442.png,0,1 1
inline_2413.png,0,1 1
inline_2661.png,0,1 1
inline_2615.png,0,1 1
inline_1686.png,0,1 1
inline_2913.png,0,1 1
xline_583.png,0,1 1
inline_3110.png,0,1 1
xline_2303.png,0,1 1
inline_3089.png,0,1 1
xline_696.png,0,1 1
xline_1110.png,0,1 1
inline_3599.png,0,1 1
inline_2367.png,0,1 1
xline_717.png,0,1 1
inline_2640.png,0,1 1
inline_1616.png,0,1 1
inline_2354.png,0,1 1
xline_2044.png,0,1 1
inline_2388.png,0,1 1
xline_1699.png,0,1 1
xline_2039.png,0,1 1
inline_1278.png,0,1 1
xline_1421.png,0,1 1
inline_1672.png,0,1 1
inline_2404.png,0,1 1
inline_3194.png,0,1 1
inline_884.png,0,1 1
inline_2818.png,0,1 1
inline_3622.png,0,1 1
xline_1031.png,0,1 1
xline_633.png,0,1 1
inline_2384.png,0,1 1
inline_889.png,0,1 1
inline_1026.png,0,1 1
inline_2171.png,0,1 1
inline_3168.png,0,1 1
inline_1290.png,0,1 1
inline_3391.png,0,1 1
inline_3182.png,0,1 1
inline_1418.png,0,1 1
inline_3583.png,0,1 1
inline_3271.png,0,1 1
inline_1013.png,0,1 1
inline_2893.png,0,1 1
xline_2370.png,0,1 1
xline_1172.png,0,1 1
inline_2778.png,0,1 1
inline_1240.png,0,1 1
inline_2559.png,0,1 1
inline_3075.png,0,1 1
inline_1166.png,0,1 1
inline_1692.png,0,1 1
xline_1990.png,0,1 1
inline_2118.png,0,1 1
xline_2126.png,0,1 1
inline_2181.png,0,1 1
inline_3017.png,0,1 1
inline_2060.png,0,1 1
inline_1933.png,0,1 1
inline_1921.png,0,1 1
inline_2975.png,0,1 1
xline_510.png,0,1 1
xline_1214.png,0,1 1
xline_1413.png,0,1 1
xline_2189.png,0,1 1
inline_3654.png,0,1 1
xline_1920.png,0,1 1
xline_540.png,0,1 1
inline_1180.png,0,1 1
inline_2841.png,0,1 1
inline_1799.png,0,1 1
inline_1893.png,0,1 1
inline_1321.png,0,1 1
xline_621.png,0,1 1
xline_1615.png,0,1 1
inline_1627.png,0,1 1
inline_1993.png,0,1 1
xline_1741.png,0,1 1
inline_1107.png,0,1 1
inline_1782.png,0,1 1
xline_1611.png,0,1 1
inline_3005.png,0,1 1
xline_1277.png,0,1 1
inline_3431.png,0,1 1
xline_1479.png,0,1 1
inline_1112.png,0,1 1
xline_1088.png,0,1 1
inline_1577.png,0,1 1
inline_1973.png,0,1 1
xline_782.png,0,1 1
inline_2792.png,0,1 1
inline_3025.png,0,1 1
inline_3008.png,0,1 1
inline_2050.png,0,1 1
inline_2305.png,0,1 1
xline_1103.png,0,1 1
inline_1765.png,0,1 1
inline_3222.png,0,1 1
inline_3045.png,0,1 1
xline_1167.png,0,1 1
inline_3283.png,0,1 1
xline_673.png,0,1 1
xline_1157.png,0,1 1
inline_2956.png,0,1 1
xline_544.png,0,1 1
xline_791.png,0,1 1
inline_983.png,0,1 1
inline_2915.png,0,1 1
xline_1878.png,0,1 1
inline_1283.png,0,1 1
inline_894.png,0,1 1
xline_888.png,0,1 1
xline_2242.png,0,1 1
inline_1068.png,0,1 1
xline_579.png,0,1 1
inline_1271.png,0,1 1
inline_1519.png,0,1 1
xline_571.png,0,1 1
inline_2908.png,0,1 1
xline_1354.png,0,1 1
inline_2743.png,0,1 1
inline_2576.png,0,1 1
xline_943.png,0,1 1
inline_3212.png,0,1 1
xline_1312.png,0,1 1
inline_1011.png,0,1 1
xline_1831.png,0,1 1
inline_2869.png,0,1 1
xline_1821.png,0,1 1
inline_2999.png,0,1 1
inline_1521.png,0,1 1
inline_2814.png,0,1 1
xline_2263.png,0,1 1
xline_1123.png,0,1 1
xline_1953.png,0,1 1
inline_1512.png,0,1 1
inline_3389.png,0,1 1
inline_2742.png,0,1 1
xline_1604.png,0,1 1
xline_1664.png,0,1 1
inline_3662.png,0,1 1
inline_3112.png,0,1 1
xline_689.png,0,1 1
inline_2408.png,0,1 1
inline_1097.png,0,1 1
xline_1019.png,0,1 1
inline_2395.png,0,1 1
inline_2453.png,0,1 1
inline_3664.png,0,1 1
inline_2773.png,0,1 1
inline_3186.png,0,1 1
inline_3634.png,0,1 1
xline_1728.png,0,1 1
inline_1308.png,0,1 1
inline_2532.png,0,1 1
inline_2759.png,0,1 1
xline_856.png,0,1 1
inline_3382.png,0,1 1
inline_3042.png,0,1 1
inline_3593.png,0,1 1
xline_859.png,0,1 1
xline_2360.png,0,1 1
inline_2618.png,0,1 1
inline_3248.png,0,1 1
xline_601.png,0,1 1
inline_2599.png,0,1 1
inline_2704.png,0,1 1
xline_2277.png,0,1 1
xline_1593.png,0,1 1
inline_1277.png,0,1 1
inline_2237.png,0,1 1
inline_2940.png,0,1 1
xline_529.png,0,1 1
xline_2338.png,0,1 1
xline_2276.png,0,1 1
inline_2598.png,0,1 1
xline_2272.png,0,1 1
xline_1968.png,0,1 1
inline_2879.png,0,1 1
inline_1731.png,0,1 1
inline_3417.png,0,1 1
inline_2470.png,0,1 1
inline_1595.png,0,1 1
inline_930.png,0,1 1
inline_1379.png,0,1 1
inline_2315.png,0,1 1
inline_3636.png,0,1 1
xline_1781.png,0,1 1
inline_2635.png,0,1 1
inline_2608.png,0,1 1
inline_1058.png,0,1 1
inline_3409.png,0,1 1
inline_2271.png,0,1 1
inline_2929.png,0,1 1
inline_861.png,0,1 1
inline_1397.png,0,1 1
inline_1128.png,0,1 1
inline_1783.png,0,1 1
inline_1792.png,0,1 1
inline_3119.png,0,1 1
inline_1323.png,0,1 1
xline_581.png,0,1 1
inline_3669.png,0,1 1
xline_1552.png,0,1 1
xline_1386.png,0,1 1
inline_3653.png,0,1 1
inline_3557.png,0,1 1
inline_3468.png,0,1 1
xline_929.png,0,1 1
xline_1592.png,0,1 1
inline_1359.png,0,1 1
xline_680.png,0,1 1
inline_2382.png,0,1 1
xline_1998.png,0,1 1
inline_3137.png,0,1 1
inline_2116.png,0,1 1
xline_900.png,0,1 1
inline_3333.png,0,1 1
inline_3418.png,0,1 1
inline_2581.png,0,1 1
inline_3037.png,0,1 1
inline_2561.png,0,1 1
xline_2324.png,0,1 1
xline_2042.png,0,1 1
xline_1726.png,0,1 1
inline_3328.png,0,1 1
inline_3276.png,0,1 1
xline_1162.png,0,1 1
inline_1496.png,0,1 1
inline_3646.png,0,1 1
inline_3644.png,0,1 1
inline_2463.png,0,1 1
inline_984.png,0,1 1
inline_2497.png,0,1 1
xline_586.png,0,1 1
inline_2445.png,0,1 1
xline_1301.png,0,1 1
inline_3412.png,0,1 1
xline_789.png,0,1 1
xline_2118.png,0,1 1
inline_2604.png,0,1 1
inline_1754.png,0,1 1
inline_2791.png,0,1 1
inline_3503.png,0,1 1
xline_2232.png,0,1 1
inline_2771.png,0,1 1
xline_1557.png,0,1 1
xline_1960.png,0,1 1
inline_918.png,0,1 1
inline_2474.png,0,1 1
inline_3118.png,0,1 1
xline_1402.png,0,1 1
inline_3033.png,0,1 1
xline_587.png,0,1 1
inline_906.png,0,1 1
inline_3620.png,0,1 1
inline_3191.png,0,1 1
inline_1440.png,0,1 1
inline_1464.png,0,1 1
inline_3573.png,0,1 1
inline_1279.png,0,1 1
inline_3559.png,0,1 1
xline_1614.png,0,1 1
xline_1864.png,0,1 1
inline_3410.png,0,1 1
xline_1382.png,0,1 1
inline_917.png,0,1 1
inline_3091.png,0,1 1
xline_921.png,0,1 1
xline_2233.png,0,1 1
xline_599.png,0,1 1
xline_1912.png,0,1 1
xline_1649.png,0,1 1
inline_1972.png,0,1 1
inline_2944.png,0,1 1
xline_934.png,0,1 1
xline_2012.png,0,1 1
xline_2036.png,0,1 1
inline_1928.png,0,1 1
inline_2297.png,0,1 1
inline_3305.png,0,1 1
inline_1335.png,0,1 1
inline_2633.png,0,1 1
inline_3553.png,0,1 1
inline_1391.png,0,1 1
xline_1182.png,0,1 1
xline_1856.png,0,1 1
xline_2146.png,0,1 1
inline_2676.png,0,1 1
inline_2393.png,0,1 1
xline_2102.png,0,1 1
xline_897.png,0,1 1
xline_2236.png,0,1 1
xline_2179.png,0,1 1
inline_1574.png,0,1 1
xline_952.png,0,1 1
xline_653.png,0,1 1
inline_2291.png,0,1 1
xline_1015.png,0,1 1
inline_2535.png,0,1 1
xline_1350.png,0,1 1
xline_522.png,0,1 1
inline_2458.png,0,1 1
inline_1784.png,0,1 1
inline_1396.png,0,1 1
xline_1643.png,0,1 1
inline_3229.png,0,1 1
xline_1352.png,0,1 1
inline_944.png,0,1 1
xline_1348.png,0,1 1
inline_1683.png,0,1 1
xline_826.png,0,1 1
inline_1311.png,0,1 1
inline_1419.png,0,1 1
inline_877.png,0,1 1
inline_1654.png,0,1 1
inline_1435.png,0,1 1
xline_2286.png,0,1 1
inline_1854.png,0,1 1
xline_2312.png,0,1 1
xline_1067.png,0,1 1
xline_1132.png,0,1 1
